{
  "variants": {
    "facing=south": {
      "model": "the_world_of_the_damned_mod:block/fluorescent_stem"
    },
    "facing=north": {
      "model": "the_world_of_the_damned_mod:block/fluorescent_stem"
    },
    "facing=east": {
      "model": "the_world_of_the_damned_mod:block/fluorescent_stem",
      "x": 90
    },
    "facing=west": {
      "model": "the_world_of_the_damned_mod:block/fluorescent_stem",
      "x": 90
    },
    "facing=up": {
      "model": "the_world_of_the_damned_mod:block/fluorescent_stem",
      "x": 90,
      "y": 90
    },
    "facing=down": {
      "model": "the_world_of_the_damned_mod:block/fluorescent_stem",
      "x": 90,
      "y": 90
    }
  }
}