{
  "_fv": 8,
  "_type": "biome",
  "definition": {
    "groundBlock": {
      "value": "CUSTOM:GrassOfTheDeceased"
    },
    "undergroundBlock": {
      "value": "CUSTOM:DirtOfTheDeceased"
    },
    "generateLakes": false,
    "treeType": 1,
    "vanillaTreeType": "Default",
    "minHeight": 0,
    "spawnVines": false,
    "treeVines": {
      "value": "Blocks.AIR"
    },
    "treeStem": {
      "value": "Blocks.AIR"
    },
    "treeBranch": {
      "value": "Blocks.AIR"
    },
    "treeFruits": {
      "value": "Blocks.AIR"
    },
    "customColors": true,
    "airColor": {
      "value": -16777216,
      "falpha": 0.0
    },
    "grassColor": {
      "value": -13261999,
      "falpha": 0.0
    },
    "waterColor": {
      "value": -14329397,
      "falpha": 0.0
    },
    "treesPerChunk": 0,
    "grassPerChunk": 0,
    "flowersPerChunk": 0,
    "mushroomsPerChunk": 0,
    "bigMushroomsChunk": 0,
    "sandPathcesPerChunk": 0,
    "gravelPatchesPerChunk": 0,
    "reedsPerChunk": 0,
    "cactiPerChunk": 0,
    "rainingPossibility": 0.0,
    "temperature": -1.0,
    "baseHeight": 0.1,
    "heightVariation": 0.1,
    "spawnBiome": false,
    "biomeWeight": 10,
    "biomeType": "COOL",
    "biomeCategory": "NONE",
    "parent": {
      "value": "No parent"
    },
    "biomeDictionaryTypes": [],
    "spawnList": [
      {
        "value": "EntityVex"
      },
      {
        "value": "EntityPhantom"
      }
    ]
  }
}