{
  "_fv": 8,
  "_type": "food",
  "definition": {
    "renderType": 0,
    "texture": "dried_burning_seeds",
    "customModelName": "Normal",
    "name": "Dried Burning Seeds",
    "specialInfo": [],
    "creativeTab": {
      "value": "FOOD"
    },
    "stackSize": 64,
    "nutritionalValue": 2,
    "saturation": 0.30000000000000004,
    "eatingSpeed": 20,
    "forDogs": false,
    "isAlwaysEdible": false,
    "animation": "eat",
    "hasGlow": false,
    "onEaten": {
      "name": "DriedBurningSeedsFoodEaten"
    }
  }
}