{
  "_fv": 8,
  "_type": "block",
  "definition": {
    "texture": "fluorescent_leaves",
    "textureTop": "fluorescent_leaves",
    "textureLeft": "fluorescent_leaves",
    "textureFront": "fluorescent_leaves",
    "textureRight": "fluorescent_leaves",
    "textureBack": "fluorescent_leaves",
    "renderType": 10,
    "customModelName": "Normal",
    "rotationMode": 0,
    "hasTransparency": true,
    "connectedSides": false,
    "transparencyType": "SOLID",
    "mx": 0.0,
    "my": 0.0,
    "mz": 0.0,
    "Mx": 1.0,
    "My": 1.0,
    "Mz": 1.0,
    "name": "Fluorescent Leaves",
    "specialInfo": [],
    "hardness": 0.2,
    "resistance": 0.2,
    "hasGravity": false,
    "creativeTab": {
      "value": "DECORATIONS"
    },
    "destroyTool": "Not specified",
    "customDrop": {
      "value": "Blocks.AIR"
    },
    "dropAmount": 0,
    "isBeaconBase": false,
    "enchantPowerBonus": 0.0,
    "plantsGrowOn": false,
    "canProvidePower": false,
    "lightOpacity": 0,
    "material": {
      "value": "LEAVES"
    },
    "tickRate": 10,
    "tickRandomly": false,
    "isReplaceable": false,
    "colorOnMap": "DEFAULT",
    "creativePickItem": {
      "value": ""
    },
    "offsetType": "NONE",
    "aiPathNodeType": "LEAVES",
    "flammability": 60,
    "fireSpreadSpeed": 30,
    "isLadder": false,
    "slipperiness": 0.6,
    "reactionToPushing": "DESTROY",
    "isNotColidable": false,
    "soundOnStep": {
      "value": "PLANT"
    },
    "luminance": 0.5,
    "unbreakable": false,
    "breakHarvestLevel": 0,
    "spawnParticles": false,
    "particleToSpawn": {
      "value": "EXPLOSION_NORMAL"
    },
    "particleSpawningShape": "Spread",
    "particleSpawningRadious": 0.5,
    "particleAmount": 4,
    "particleSpawningCondition": "ALWAYS",
    "hasInventory": false,
    "guiBoundTo": "<NONE>",
    "openGUIOnRightClick": false,
    "inventorySize": 9,
    "inventoryStackSize": 64,
    "inventoryDropWhenDestroyed": true,
    "inventoryComparatorPower": true,
    "inventoryOutSlotIDs": [],
    "inventoryInSlotIDs": [],
    "spawnWorldTypes": [],
    "restrictionBiomes": [],
    "blocksToReplace": [],
    "frequencyPerChunks": 10,
    "frequencyOnChunk": 16,
    "minGenerateHeight": 0,
    "maxGenerateHeight": 64
  }
}