{
  "_fv": 8,
  "_type": "plant",
  "definition": {
    "renderType": 12,
    "texture": "fluorescent_grass",
    "customModelName": "Cross model",
    "plantType": "normal",
    "growapableSpawnType": "Plains",
    "growapableMaxHeight": 3,
    "name": "Fluorescent Grass",
    "specialInfo": [],
    "creativeTab": {
      "value": "DECORATIONS"
    },
    "hardness": 0.0,
    "resistance": 0.0,
    "luminance": 0.5,
    "unbreakable": false,
    "soundOnStep": {
      "value": "PLANT"
    },
    "customDrop": {
      "value": "Blocks.AIR"
    },
    "dropAmount": 0,
    "forceTicking": false,
    "isReplaceable": true,
    "colorOnMap": "DEFAULT",
    "creativePickItem": {
      "value": ""
    },
    "offsetType": "XZ",
    "aiPathNodeType": "DEFAULT",
    "flammability": 0,
    "fireSpreadSpeed": 0,
    "frequencyOnChunks": 20,
    "spawnWorldTypes": [
      "CUSTOM:WorldOfTheDamned"
    ],
    "restrictionBiomes": [
      {
        "value": "CUSTOM:AfterlifeBiome"
      }
    ]
  }
}