{
  "_fv": 8,
  "_type": "structure",
  "definition": {
    "structure": "fluorescent_tree_2_fix",
    "randomlyRotateStructure": true,
    "surfaceDetectionType": "First motion blocking block",
    "spawnProbability": 1000000,
    "minCountPerChunk": 1,
    "maxCountPerChunk": 1,
    "spawnLocation": "Ground",
    "spawnHeightOffset": -3,
    "spawnWorldTypes": [
      "CUSTOM:WorldOfTheDamned"
    ],
    "restrictionBlocks": [
      {
        "value": "CUSTOM:GrassOfTheDeceased"
      }
    ],
    "restrictionBiomes": [
      {
        "value": "CUSTOM:AfterlifeBiome"
      }
    ],
    "ignoreBlocks": "STRUCTURE_BLOCK"
  }
}