{
  "_fv": 8,
  "_type": "block",
  "definition": {
    "texture": "dirt_of_the_deceased",
    "textureTop": "the_grass_of_the_deceased_top",
    "textureLeft": "the_grass_of_the_deceased_side",
    "textureFront": "the_grass_of_the_deceased_side",
    "textureRight": "the_grass_of_the_deceased_side",
    "textureBack": "the_grass_of_the_deceased_side",
    "renderType": 10,
    "customModelName": "Normal",
    "rotationMode": 0,
    "hasTransparency": false,
    "connectedSides": false,
    "transparencyType": "SOLID",
    "mx": 0.0,
    "my": 0.0,
    "mz": 0.0,
    "Mx": 1.0,
    "My": 1.0,
    "Mz": 1.0,
    "name": "Grass Of The Deceased",
    "specialInfo": [],
    "hardness": 0.6,
    "resistance": 0.6,
    "hasGravity": false,
    "creativeTab": {
      "value": "BUILDING_BLOCKS"
    },
    "destroyTool": "shovel",
    "customDrop": {
      "value": "CUSTOM:Ashes"
    },
    "dropAmount": 2,
    "isBeaconBase": false,
    "enchantPowerBonus": 0.0,
    "plantsGrowOn": true,
    "canProvidePower": false,
    "lightOpacity": 255,
    "material": {
      "value": "GRASS"
    },
    "tickRate": 10,
    "tickRandomly": true,
    "isReplaceable": false,
    "colorOnMap": "GRASS",
    "creativePickItem": {
      "value": ""
    },
    "offsetType": "NONE",
    "aiPathNodeType": "DEFAULT",
    "flammability": 0,
    "fireSpreadSpeed": 0,
    "isLadder": false,
    "slipperiness": 0.6,
    "reactionToPushing": "NORMAL",
    "isNotColidable": false,
    "soundOnStep": {
      "value": "PLANT"
    },
    "luminance": 0.0,
    "unbreakable": false,
    "breakHarvestLevel": 0,
    "spawnParticles": false,
    "particleToSpawn": {
      "value": "EXPLOSION_NORMAL"
    },
    "particleSpawningShape": "Spread",
    "particleSpawningRadious": 0.5,
    "particleAmount": 4,
    "particleSpawningCondition": "ALWAYS",
    "hasInventory": false,
    "guiBoundTo": "<NONE>",
    "openGUIOnRightClick": false,
    "inventorySize": 9,
    "inventoryStackSize": 64,
    "inventoryDropWhenDestroyed": true,
    "inventoryComparatorPower": true,
    "inventoryOutSlotIDs": [],
    "inventoryInSlotIDs": [],
    "onNeighbourBlockChanges": {
      "name": "GrassOfTheDeceasedNeighbourBlockChanges"
    },
    "spawnWorldTypes": [],
    "restrictionBiomes": [],
    "blocksToReplace": [],
    "frequencyPerChunks": 10,
    "frequencyOnChunk": 16,
    "minGenerateHeight": 0,
    "maxGenerateHeight": 64
  }
}