{
  "_fv": 8,
  "_type": "plant",
  "definition": {
    "renderType": 12,
    "texture": "lily_of_the_soul_sand_valley",
    "customModelName": "Cross model",
    "plantType": "normal",
    "growapableSpawnType": "Nether",
    "growapableMaxHeight": 3,
    "name": "Lily of the Soul Sand Valley",
    "specialInfo": [],
    "creativeTab": {
      "value": "DECORATIONS"
    },
    "hardness": 0.0,
    "resistance": 0.0,
    "luminance": 0.0,
    "unbreakable": false,
    "soundOnStep": {
      "value": "PLANT"
    },
    "customDrop": {
      "value": ""
    },
    "dropAmount": 1,
    "forceTicking": false,
    "isReplaceable": false,
    "colorOnMap": "DEFAULT",
    "creativePickItem": {
      "value": ""
    },
    "offsetType": "XZ",
    "aiPathNodeType": "DEFAULT",
    "flammability": 0,
    "fireSpreadSpeed": 0,
    "frequencyOnChunks": 5,
    "spawnWorldTypes": [],
    "restrictionBiomes": []
  }
}