{
  "_fv": 8,
  "_type": "potion",
  "definition": {
    "name": "Potion of Stoicism",
    "effectName": "Stoicism",
    "icon": "stoicism_potion_effect_icon.png",
    "color": {
      "value": -16765393,
      "falpha": 0.0
    },
    "isInstant": false,
    "isBad": false,
    "isBenefitical": true,
    "registerPotionType": true,
    "renderStatusInInventory": true,
    "renderStatusInHUD": true,
    "onStarted": {
      "name": "StoicismPotionStartedapplied"
    },
    "onActiveTick": {
      "name": "StoicismOnPotionActiveTick"
    }
  }
}