{
  "_fv": 8,
  "_type": "dimension",
  "definition": {
    "portalFrame": {
      "value": ""
    },
    "portalParticles": {
      "value": "PORTAL"
    },
    "portalLuminance": 0.0,
    "portalSound": {
      "value": "block.portal.ambient"
    },
    "igniterName": "World Of The Damned Portal Igniter",
    "igniterTab": {
      "value": "TOOLS"
    },
    "texture": "",
    "portalTexture": "",
    "enablePortal": false,
    "biomesInDimension": [
      {
        "value": "CUSTOM:AfterlifeBiome"
      }
    ],
    "worldGenType": "End like gen",
    "mainFillerBlock": {
      "value": "CUSTOM:RockFromAfterlife"
    },
    "fluidBlock": {
      "value": "Blocks.AIR"
    },
    "airColor": {
      "value": -16777216,
      "falpha": 0.0
    },
    "canRespawnHere": true,
    "hasFog": false,
    "hasWeather": false,
    "isDark": false,
    "doesWaterVaporize": false,
    "sleepResult": "DENY",
    "hasSkyLight": false,
    "imitateOverworldBehaviour": true,
    "onPlayerEntersDimension": {
      "name": "WorldOfTheDamnedPlayerEntersDimension"
    },
    "onPlayerLeavesDimension": {
      "name": "WorldOfTheDamnedPlayerLeavesDimension"
    }
  }
}