{
  "parent": "block/cube",
  "textures": {
    "down": "the_world_of_the_damned_mod:blocks/fluorescent_stem_top",
    "up": "the_world_of_the_damned_mod:blocks/fluorescent_stem_top",
    "north": "the_world_of_the_damned_mod:blocks/fluorescent_stem_side",
    "east": "the_world_of_the_damned_mod:blocks/fluorescent_stem_side",
    "south": "the_world_of_the_damned_mod:blocks/fluorescent_stem_side",
    "west": "the_world_of_the_damned_mod:blocks/fluorescent_stem_side",
    "particle": "the_world_of_the_damned_mod:blocks/fluorescent_stem_top"
  }
}