{
  "parent": "block/cube",
  "textures": {
    "down": "the_world_of_the_damned_mod:blocks/dirt_of_the_deceased",
    "up": "the_world_of_the_damned_mod:blocks/the_grass_of_the_deceased_top",
    "north": "the_world_of_the_damned_mod:blocks/the_grass_of_the_deceased_side",
    "east": "the_world_of_the_damned_mod:blocks/the_grass_of_the_deceased_side",
    "south": "the_world_of_the_damned_mod:blocks/the_grass_of_the_deceased_side",
    "west": "the_world_of_the_damned_mod:blocks/the_grass_of_the_deceased_side",
    "particle": "the_world_of_the_damned_mod:blocks/dirt_of_the_deceased"
  }
}