{
  "parent": "block/cube",
  "textures": {
    "down": "the_world_of_the_damned_mod:blocks/rock_from_the_afterlife",
    "up": "the_world_of_the_damned_mod:blocks/rock_from_the_afterlife",
    "north": "the_world_of_the_damned_mod:blocks/rock_from_the_afterlife",
    "east": "the_world_of_the_damned_mod:blocks/rock_from_the_afterlife",
    "south": "the_world_of_the_damned_mod:blocks/rock_from_the_afterlife",
    "west": "the_world_of_the_damned_mod:blocks/rock_from_the_afterlife",
    "particle": "the_world_of_the_damned_mod:blocks/rock_from_the_afterlife"
  }
}